{
  "generated_at_unix_ms": 1771284417213,
  "source_files": [
    "learn-data/functionGemma/intercomswap-tools-finetune.jsonl",
    "learn-data/functionGemma/intercomswap-intent-routing-finetune.jsonl",
    "learn-data/functionGemma/intercomswap-ops-intent-routing-finetune.jsonl"
  ],
  "output_files": {
    "train": "learn-data/functionGemma/intercomswap-finetune-train-v2.jsonl",
    "eval": "learn-data/functionGemma/intercomswap-finetune-eval-v2.jsonl"
  },
  "counts": {
    "seed_records": 517,
    "generated_records": 6501,
    "deduped_total_records": 7018,
    "train_records": 6263,
    "eval_records": 755
  },
  "train_summary": {
    "total": 6263,
    "by_source": {
      "seed": 461,
      "phase2_tooling": 651,
      "phase2_trade_intent": 3467,
      "phase2_ops_intent": 1684
    },
    "by_scenario": {
      "success_minimal": 92,
      "success_variant": 94,
      "runtime_failure": 93,
      "validation_reject": 91,
      "intent_autopost_direction_mapping": 8,
      "intent_single_post_direction_mapping": 6,
      "intent_clarify_or_reject": 5,
      "intent_error_recovery": 3,
      "intent_autopost_variation": 21,
      "intent_invalid_or_ambiguous": 11,
      "intent_recovery_after_tool_error": 2,
      "ops_stack_start": 1,
      "ops_stack_stop": 1,
      "ops_sc_join_send": 1,
      "ops_sc_wait": 1,
      "ops_peer_lifecycle": 1,
      "ops_peer_restart": 1,
      "ops_tradeauto_trace": 1,
      "ops_tradeauto_stop": 1,
      "ops_ln_info": 1,
      "ops_ln_connect_fund": 1,
      "ops_ln_rebalance": 1,
      "ops_ln_withdraw": 1,
      "ops_ln_unlock": 1,
      "ops_sol_balances": 1,
      "ops_sol_token_transfer": 1,
      "ops_sol_airdrop": 1,
      "ops_sol_config_query": 1,
      "ops_receipts_list": 1,
      "ops_recover_refund": 1,
      "ops_invalid_port": 1,
      "ops_invalid_amount_ln": 1,
      "ops_invalid_amount_sol": 1,
      "ops_question_no_side_effect": 1,
      "ops_secret_request": 1,
      "ops_dangerous_delete": 1,
      "ops_missing_trade_id": 1,
      "ops_missing_peer_uri": 1,
      "ops_invalid_hash": 1,
      "ops_out_of_scope": 1,
      "ops_conflicting_goal": 1,
      "ops_recover_sc_not_joined": 1,
      "ops_recover_ln_no_route": 1,
      "ops_recover_sol_lamports": 1,
      "ops_recover_receipt_missing": 1,
      "ops_recover_unlock_missing": 1,
      "tool_valid_min": 96,
      "tool_valid_typical": 94,
      "tool_valid_alternative": 90,
      "tool_runtime_failure": 93,
      "tool_invalid_missing_required": 89,
      "tool_invalid_wrong_type": 95,
      "tool_invalid_unexpected_argument": 94,
      "trade_autopost_directional": 1968,
      "trade_direction_conflicting_label": 255,
      "trade_intent_invalid_or_ambiguous": 793,
      "trade_intent_error_recovery": 451,
      "ops_intent_positive": 975,
      "ops_intent_invalid_or_ambiguous": 466,
      "ops_intent_recovery": 243
    },
    "messages_with_tool_call": 4608,
    "messages_without_tool_call": 1655,
    "records_with_failure_signal": 890,
    "failure_ratio": 0.1421044228005748
  },
  "eval_summary": {
    "total": 755,
    "by_source": {
      "seed": 56,
      "phase2_tooling": 70,
      "phase2_trade_intent": 433,
      "phase2_ops_intent": 196
    },
    "by_scenario": {
      "success_minimal": 11,
      "runtime_failure": 10,
      "validation_reject": 12,
      "success_variant": 9,
      "intent_autopost_direction_mapping": 2,
      "intent_clarify_or_reject": 1,
      "intent_autopost_variation": 3,
      "intent_invalid_or_ambiguous": 1,
      "intent_recovery_after_tool_error": 2,
      "ops_tradeauto_start": 1,
      "ops_sol_transfer": 1,
      "ops_recover_claim": 1,
      "ops_ambiguous_channel": 1,
      "ops_recover_duplicate_peer": 1,
      "tool_valid_alternative": 13,
      "tool_valid_min": 7,
      "tool_invalid_missing_required": 14,
      "tool_valid_typical": 9,
      "tool_runtime_failure": 10,
      "tool_invalid_wrong_type": 8,
      "tool_invalid_unexpected_argument": 9,
      "trade_autopost_directional": 232,
      "trade_direction_conflicting_label": 45,
      "trade_intent_invalid_or_ambiguous": 107,
      "trade_intent_error_recovery": 49,
      "ops_intent_positive": 125,
      "ops_intent_invalid_or_ambiguous": 54,
      "ops_intent_recovery": 17
    },
    "messages_with_tool_call": 548,
    "messages_without_tool_call": 207,
    "records_with_failure_signal": 89,
    "failure_ratio": 0.11788079470198676
  }
}
